amfi_code,scheme_name,fund_house,category,plan,return_1yr_pct,return_3yr_pct,return_5yr_pct,benchmark_3yr_pct,alpha,beta,sharpe_ratio,sortino_ratio,std_dev_ann_pct,max_drawdown_pct,aum_crore,expense_ratio_pct,morningstar_rating,risk_grade,launch_date,benchmark,risk_category,min_sip_amount,sebi_category_code,risk_score,excess_return,information_ratio
119551,SBI Bluechip Fund - Regular Plan - Growth,SBI Mutual Fund,Large Cap,Regular,12.42,12.36,14.45,11.49,0.87,0.89,0.88,1.29,14.0,-21.7,14288,1.54,4,Moderate,2006-02-14,NIFTY 100 TRI,Moderate,500,EC01,3,0.87,0.0621
119552,SBI Bluechip Fund - Direct Plan - Growth,SBI Mutual Fund,Large Cap,Direct,15.25,11.3,14.23,9.52,1.78,0.87,0.81,1.29,14.0,-24.43,1231,0.66,3,Moderate,2013-01-01,NIFTY 100 TRI,Moderate,500,EC01,3,1.78,0.1271
119598,SBI Small Cap Fund - Regular Plan - Growth,SBI Mutual Fund,Small Cap,Regular,24.56,23.39,20.67,22.16,1.23,0.89,0.94,1.35,25.0,-13.35,19259,1.43,5,Very High,2009-09-09,BSE 250 SmallCap TRI,Very High,500,EC03,6,1.23,0.0492
119599,SBI Small Cap Fund - Direct Plan - Growth,SBI Mutual Fund,Small Cap,Direct,20.59,23.14,21.82,22.01,1.13,1.04,0.93,1.67,25.0,-24.78,36061,0.72,4,Very High,2013-01-01,BSE 250 SmallCap TRI,Very High,500,EC03,6,1.13,0.0452
119120,SBI Magnum Gilt Fund - Regular Plan - Growth,SBI Mutual Fund,Gilt,Regular,5.34,6.07,5.43,4.47,1.6,0.22,1.52,2.11,4.0,-2.3,24101,0.77,5,Low,2000-12-30,CRISIL Dynamic Gilt Index,Low,500,DC02,1,1.6,0.4
100016,HDFC Top 100 Fund - Regular Plan - Growth,HDFC Mutual Fund,Large Cap,Regular,10.94,14.84,11.32,14.06,0.78,0.97,1.06,1.7,14.0,-17.41,6434,1.55,5,Moderate,1996-09-11,NIFTY 100 TRI,Moderate,500,EC01,3,0.78,0.0557
125497,HDFC Top 100 Fund - Direct Plan - Growth,HDFC Mutual Fund,Large Cap,Direct,11.48,13.38,13.48,12.25,1.13,0.97,0.96,1.45,14.0,-33.5,10611,0.92,4,Moderate,2013-01-01,NIFTY 100 TRI,Moderate,500,EC01,3,1.13,0.0807
100033,HDFC Mid-Cap Opportunities Fund - Regular - Growth,HDFC Mutual Fund,Mid Cap,Regular,15.43,16.58,17.69,15.63,0.95,0.91,0.87,1.44,19.0,-13.67,23185,1.38,5,High,2007-06-25,NIFTY Midcap 150 TRI,High,500,EC02,5,0.95,0.05
125498,HDFC Mid-Cap Opportunities Fund - Direct - Growth,HDFC Mutual Fund,Mid Cap,Direct,19.98,15.29,15.85,14.39,0.9,1.04,0.8,1.38,19.0,-32.22,18792,0.78,4,High,2013-01-01,NIFTY Midcap 150 TRI,High,500,EC02,5,0.9,0.0474
100025,HDFC Short Term Debt Fund - Regular - Growth,HDFC Mutual Fund,Short Duration,Regular,6.83,7.37,6.41,5.39,1.98,0.44,1.84,2.79,4.0,-6.01,27953,0.56,3,Low,2002-06-25,CRISIL Short Term Bond Index,Low,500,DC02,1,1.98,0.495
120503,ICICI Pru Bluechip Fund - Regular - Growth,ICICI Prudential MF,Large Cap,Regular,15.63,11.54,11.46,10.88,0.66,0.96,0.82,1.12,14.0,-25.91,36022,1.42,4,Moderate,2008-05-23,NIFTY 100 TRI,Moderate,500,EC01,3,0.66,0.0471
120504,ICICI Pru Bluechip Fund - Direct - Growth,ICICI Prudential MF,Large Cap,Direct,14.12,14.41,13.02,13.53,0.88,1.03,1.03,1.27,14.0,-26.59,41553,0.8,3,Moderate,2013-01-01,NIFTY 100 TRI,Moderate,500,EC01,3,0.88,0.0629
120505,ICICI Pru Midcap Fund - Regular - Growth,ICICI Prudential MF,Mid Cap,Regular,14.02,18.08,17.55,17.19,0.89,1.0,0.95,1.45,19.0,-21.84,979,1.36,3,High,2004-10-28,NIFTY Midcap 150 TRI,High,500,EC02,5,0.89,0.0468
120506,ICICI Pru Value Discovery Fund - Regular - Growth,ICICI Prudential MF,Value,Regular,16.67,14.76,12.6,14.21,0.55,0.92,0.98,1.5,15.0,-21.89,2571,1.41,4,Moderately High,2004-08-16,NIFTY 500 TRI,Moderately High,500,EC06,4,0.55,0.0367
120507,ICICI Pru Liquid Fund - Regular - Growth,ICICI Prudential MF,Liquid,Regular,8.89,7.68,7.94,5.83,1.85,0.26,7.68,10.37,0.5,-2.62,39116,0.74,5,Low,2001-11-17,CRISIL Liquid Fund AI Index,Low,500,DC01,1,1.85,3.7
118632,Nippon India Large Cap Fund - Regular - Growth,Nippon India MF,Large Cap,Regular,15.84,14.0,14.7,13.14,0.86,0.88,1.0,1.68,14.0,-16.07,20909,1.51,4,Moderate,2004-08-08,NIFTY 100 TRI,Moderate,500,EC01,3,0.86,0.0614
118633,Nippon India Large Cap Fund - Direct - Growth,Nippon India MF,Large Cap,Direct,14.42,12.33,14.72,10.63,1.7,1.02,0.88,1.48,14.0,-18.14,39475,0.72,3,Moderate,2013-01-01,NIFTY 100 TRI,Moderate,500,EC01,3,1.7,0.1214
118634,Nippon India Small Cap Fund - Regular - Growth,Nippon India MF,Small Cap,Regular,21.3,20.15,21.88,19.35,0.8,1.03,0.81,1.14,25.0,-30.87,43630,1.53,4,Very High,2010-09-16,BSE 250 SmallCap TRI,Very High,500,EC03,6,0.8,0.032
118635,Nippon India ETF Nifty 50 BeES,Nippon India MF,Index/ETF,Direct,10.14,11.77,12.31,9.97,1.8,1.04,0.91,1.24,13.0,-26.75,20284,0.89,5,Moderate,2001-12-28,NIFTY 50 TRI,Moderate,500,EI01,3,1.8,0.1385
118636,Nippon India Gilt Securities Fund - Regular - Growth,Nippon India MF,Gilt,Regular,6.19,5.31,8.71,4.42,0.89,0.37,1.33,2.38,4.0,-2.23,30030,0.55,4,Low,1999-08-19,CRISIL Dynamic Gilt Index,Low,500,DC02,1,0.89,0.2225
120841,Kotak Bluechip Fund - Regular - Growth,Kotak Mahindra MF,Large Cap,Regular,14.37,12.25,13.42,10.98,1.27,0.93,0.87,1.34,14.0,-17.86,35585,1.59,3,Moderate,2005-12-29,NIFTY 100 TRI,Moderate,500,EC01,3,1.27,0.0907
120842,Kotak Emerging Equity Fund - Regular - Growth,Kotak Mahindra MF,Mid Cap,Regular,17.12,18.23,17.75,16.32,1.91,1.0,0.96,1.27,19.0,-21.92,47469,1.56,4,High,2007-03-30,NIFTY Midcap 150 TRI,High,500,EC02,5,1.91,0.1005
120843,Kotak Flexicap Fund - Regular - Growth,Kotak Mahindra MF,Flexi Cap,Regular,15.74,15.65,13.5,13.8,1.85,0.95,0.98,1.57,16.0,-19.5,35012,1.45,5,Moderately High,2009-08-11,NIFTY 500 TRI,Moderately High,500,EC04,4,1.85,0.1156
120844,Kotak Liquid Fund - Regular - Growth,Kotak Mahindra MF,Liquid,Regular,4.26,6.18,8.26,4.66,1.52,0.47,6.18,9.7,0.5,-3.81,27623,0.6,3,Low,2004-03-03,CRISIL Liquid Fund AI Index,Low,500,DC01,1,1.52,3.04
119092,Axis Bluechip Fund - Regular - Growth,Axis Mutual Fund,Large Cap,Regular,11.82,11.84,14.14,10.43,1.41,0.91,0.85,1.25,14.0,-27.54,25803,1.64,4,Moderate,2010-01-05,NIFTY 100 TRI,Moderate,500,EC01,3,1.41,0.1007
119093,Axis Bluechip Fund - Direct - Growth,Axis Mutual Fund,Large Cap,Direct,13.95,12.14,13.66,10.71,1.43,0.87,0.87,1.54,14.0,-17.4,15866,0.75,4,Moderate,2013-01-01,NIFTY 100 TRI,Moderate,500,EC01,3,1.43,0.1021
119094,Axis Midcap Fund - Regular - Growth,Axis Mutual Fund,Mid Cap,Regular,14.88,15.18,18.94,13.76,1.42,1.0,0.8,1.18,19.0,-32.38,28996,1.38,5,High,2011-02-18,NIFTY Midcap 50 TRI,High,500,EC02,5,1.42,0.0747
119095,Axis Small Cap Fund - Regular - Growth,Axis Mutual Fund,Small Cap,Regular,21.97,20.98,22.62,20.47,0.51,1.0,0.84,1.4,25.0,-14.45,21545,1.38,4,Very High,2013-11-29,BSE 250 SmallCap TRI,Very High,500,EC03,6,0.51,0.0204
101206,ABSL Frontline Equity Fund - Regular - Growth,Aditya Birla Sun Life MF,Large Cap,Regular,14.82,13.78,12.86,12.44,1.34,1.03,0.98,1.25,14.0,-15.07,23500,1.6,5,Moderate,2002-08-30,NIFTY 100 TRI,Moderate,500,EC01,3,1.34,0.0957
101207,ABSL Small Cap Fund - Regular - Growth,Aditya Birla Sun Life MF,Small Cap,Regular,24.93,22.38,23.8,20.54,1.84,0.97,0.9,1.47,25.0,-23.61,41613,1.53,5,Very High,2007-05-31,BSE 250 SmallCap TRI,Very High,500,EC03,6,1.84,0.0736
101208,ABSL Liquid Fund - Regular - Growth,Aditya Birla Sun Life MF,Liquid,Regular,6.18,5.14,7.95,3.96,1.18,0.43,5.14,8.76,0.5,-3.66,38995,0.79,5,Low,2000-04-17,CRISIL Liquid Fund AI Index,Low,500,DC01,1,1.18,2.36
102885,UTI Nifty 50 Index Fund - Regular - Growth,UTI Mutual Fund,Index,Regular,13.76,12.1,11.31,11.17,0.93,0.9,0.93,1.29,13.0,-24.42,7350,1.57,4,Moderate,2000-03-06,NIFTY 50 TRI,Moderate,500,EI01,3,0.93,0.0715
102886,UTI Mid Cap Fund - Regular - Growth,UTI Mutual Fund,Mid Cap,Regular,16.3,15.61,15.86,14.49,1.12,0.92,0.82,1.21,19.0,-13.43,41728,1.51,5,High,2004-04-07,NIFTY Midcap 150 TRI,High,500,EC02,5,1.12,0.0589
102887,UTI Flexi Cap Fund - Regular - Growth,UTI Mutual Fund,Flexi Cap,Regular,17.43,15.34,15.78,13.55,1.79,1.0,0.96,1.37,16.0,-12.14,17912,1.64,5,Moderately High,2005-05-18,NIFTY 500 TRI,Moderately High,500,EC04,4,1.79,0.1119
148567,Mirae Asset Large Cap Fund - Regular - Growth,Mirae Asset MF,Large Cap,Regular,15.12,14.81,12.68,13.19,1.62,0.96,1.06,1.66,14.0,-17.07,11361,1.46,5,Moderate,2008-04-04,NIFTY 100 TRI,Moderate,500,EC01,3,1.62,0.1157
148568,Mirae Asset Emerging Bluechip Fund - Regular - Growth,Mirae Asset MF,Large & Mid Cap,Regular,14.91,14.56,15.68,12.86,1.7,0.99,0.91,1.55,16.0,-33.15,49046,1.52,5,Moderately High,2010-07-09,NIFTY Large Midcap 250 TRI,Moderately High,500,EC04,4,1.7,0.1062
148569,Mirae Asset Tax Saver Fund - Regular - Growth,Mirae Asset MF,ELSS,Regular,11.16,13.58,14.26,13.04,0.54,0.98,0.8,1.03,17.0,-22.62,2989,1.6,5,High,2015-12-28,NIFTY 500 TRI,High,500,EC05,5,0.54,0.0318
149322,DSP Top 100 Equity Fund - Regular - Growth,DSP Mutual Fund,Large Cap,Regular,11.96,12.82,12.35,11.0,1.82,0.91,0.92,1.63,14.0,-21.7,41828,1.54,5,Moderate,2003-03-10,NIFTY 100 TRI,Moderate,500,EC01,3,1.82,0.13
149323,DSP Midcap Fund - Regular - Growth,DSP Mutual Fund,Mid Cap,Regular,14.12,17.16,19.0,16.14,1.02,0.98,0.9,1.5,19.0,-26.99,37835,1.61,4,High,2006-11-16,NIFTY Midcap 150 TRI,High,500,EC02,5,1.02,0.0537
149324,DSP Small Cap Fund - Regular - Growth,DSP Mutual Fund,Small Cap,Regular,20.2,20.08,20.61,19.39,0.69,0.98,0.8,1.23,25.0,-17.01,35124,1.52,4,Very High,2007-06-14,BSE 250 SmallCap TRI,Very High,500,EC03,6,0.69,0.0276
